,1
0,3.1776437161565096e-14
1,6.355287432313019e-14
2,3.1776437161565096e-14
3,4.0194366942304644e-14
4,3.1776437161565096e-14
5,6.355287432313019e-14
6,3.1776437161565096e-14
7,4.0194366942304644e-14
8,1.0345658394727079e-13
9,4.0194366942304644e-14
10,3.1776437161565096e-14
11,4.0194366942304644e-14
12,4.0194366942304644e-14
13,3.1776437161565096e-14
14,6.355287432313019e-14
15,3.1776437161565096e-14
16,4.0194366942304644e-14
17,4.0194366942304644e-14
18,3.1776437161565096e-14
19,7.652779469160725e-14
20,3.1776437161565096e-14
21,4.0194366942304644e-14
22,6.355287432313019e-14
23,4.0194366942304644e-14
24,3.1776437161565096e-14
25,4.0194366942304644e-14
26,7.652779469160725e-14
27,6.355287432313019e-14
28,6.355287432313019e-14
29,4.0194366942304644e-14
30,3.1776437161565096e-14
31,4.0194366942304644e-14
32,3.1776437161565096e-14
33,1.7288250917028504e-13
34,4.0194366942304644e-14
35,4.0194366942304644e-14
36,4.0194366942304644e-14
37,4.0194366942304644e-14
38,4.0194366942304644e-14
39,6.355287432313019e-14
40,7.652779469160725e-14
41,8.038873388460929e-14
42,7.652779469160725e-14
43,3.1776437161565096e-14
44,3.1776437161565096e-14
45,3.1776437161565096e-14
46,4.0194366942304644e-14
47,6.355287432313019e-14
48,3.1776437161565096e-14
49,4.0194366942304644e-14
50,4.0194366942304644e-14
51,3.1776437161565096e-14
52,6.355287432313019e-14
53,3.1776437161565096e-14
54,4.0194366942304644e-14
55,6.355287432313019e-14
56,4.0194366942304644e-14
57,4.0194366942304644e-14
58,7.652779469160725e-14
59,6.355287432313019e-14
60,3.1776437161565096e-14
61,3.1776437161565096e-14
62,3.1776437161565096e-14
63,6.355287432313019e-14
64,4.0194366942304644e-14
65,6.355287432313019e-14
66,4.0194366942304644e-14
67,6.355287432313019e-14
68,1.3101760682293512e-13
69,6.355287432313019e-14
70,3.1776437161565096e-14
71,3.1776437161565096e-14
72,3.1776437161565096e-14
73,7.652779469160725e-14
74,3.1776437161565096e-14
75,6.355287432313019e-14
76,3.1776437161565096e-14
77,1.1457157353758233e-13
78,4.0194366942304644e-14
79,1.3101760682293512e-13
80,4.0194366942304644e-14
81,4.0194366942304644e-14
82,6.355287432313019e-14
83,7.652779469160725e-14
84,3.1776437161565096e-14
85,3.1776437161565096e-14
86,3.1776437161565096e-14
87,4.0194366942304644e-14
88,4.0194366942304644e-14
89,3.1776437161565096e-14
90,6.355287432313019e-14
91,4.0194366942304644e-14
92,3.1776437161565096e-14
93,1.3101760682293512e-13
94,5.859285502108464e-14
95,4.0194366942304644e-14
96,4.0194366942304644e-14
97,6.355287432313019e-14
98,6.355287432313019e-14
99,6.355287432313019e-14
100,6.355287432313019e-14
101,6.355287432313019e-14
102,6.355287432313019e-14
103,4.0194366942304644e-14
104,1.3101760682293512e-13
105,3.1776437161565096e-14
106,4.0194366942304644e-14
107,4.0194366942304644e-14
108,6.355287432313019e-14
109,1.0345658394727079e-13
110,3.1776437161565096e-14
111,6.355287432313019e-14
112,4.0194366942304644e-14
113,3.1776437161565096e-14
114,6.355287432313019e-14
115,3.1776437161565096e-14
116,3.1776437161565096e-14
117,4.0194366942304644e-14
118,4.0194366942304644e-14
119,3.1776437161565096e-14
120,4.0194366942304644e-14
121,4.0194366942304644e-14
122,6.355287432313019e-14
123,4.0194366942304644e-14
124,4.0194366942304644e-14
125,4.0194366942304644e-14
126,7.652779469160725e-14
127,6.355287432313019e-14
128,4.0194366942304644e-14
129,6.355287432313019e-14
130,4.0194366942304644e-14
131,6.355287432313019e-14
132,6.355287432313019e-14
133,6.355287432313019e-14
134,8.038873388460929e-14
135,4.0194366942304644e-14
136,4.0194366942304644e-14
137,4.0194366942304644e-14
138,1.449228509952941e-13
139,8.038873388460929e-14
140,8.038873388460929e-14
141,7.652779469160725e-14
142,6.355287432313019e-14
143,6.355287432313019e-14
144,7.652779469160725e-14
145,3.1776437161565096e-14
146,4.0194366942304644e-14
147,6.355287432313019e-14
148,4.0194366942304644e-14
149,3.1776437161565096e-14
150,3.1776437161565096e-14
151,3.1776437161565096e-14
152,3.1776437161565096e-14
153,4.0194366942304644e-14
154,3.1776437161565096e-14
155,4.0194366942304644e-14
156,3.1776437161565096e-14
157,7.652779469160725e-14
158,6.355287432313019e-14
159,6.355287432313019e-14
160,4.0194366942304644e-14
161,4.0194366942304644e-14
162,6.355287432313019e-14
163,3.1776437161565096e-14
164,4.0194366942304644e-14
165,3.1776437161565096e-14
166,6.355287432313019e-14
167,6.355287432313019e-14
168,1.3101760682293512e-13
169,4.0194366942304644e-14
170,3.1776437161565096e-14
171,4.0194366942304644e-14
172,6.355287432313019e-14
173,6.355287432313019e-14
174,3.1776437161565096e-14
175,6.355287432313019e-14
176,4.0194366942304644e-14
177,4.0194366942304644e-14
178,6.355287432313019e-14
179,8.038873388460929e-14
180,4.0194366942304644e-14
181,4.0194366942304644e-14
182,1.3101760682293512e-13
183,4.0194366942304644e-14
184,6.355287432313019e-14
185,4.0194366942304644e-14
186,3.1776437161565096e-14
187,3.1776437161565096e-14
188,3.1776437161565096e-14
189,4.0194366942304644e-14
190,4.0194366942304644e-14
191,6.355287432313019e-14
192,3.1776437161565096e-14
193,6.355287432313019e-14
194,6.355287432313019e-14
195,6.355287432313019e-14
196,6.355287432313019e-14
197,3.1776437161565096e-14
198,6.355287432313019e-14
199,6.355287432313019e-14
200,6.355287432313019e-14
201,1.449228509952941e-13
202,4.0194366942304644e-14
203,3.1776437161565096e-14
204,4.0194366942304644e-14
205,3.1776437161565096e-14
206,4.0194366942304644e-14
207,3.1776437161565096e-14
208,7.652779469160725e-14
209,4.0194366942304644e-14
210,4.0194366942304644e-14
211,3.1776437161565096e-14
212,4.0194366942304644e-14
213,5.859285502108464e-14
214,1.449228509952941e-13
215,6.355287432313019e-14
216,6.355287432313019e-14
217,1.0345658394727079e-13
218,3.1776437161565096e-14
219,6.355287432313019e-14
220,4.0194366942304644e-14
221,1.3101760682293512e-13
222,9.099386826154683e-14
223,1.0345658394727079e-13
224,4.0194366942304644e-14
225,7.652779469160725e-14
226,4.0194366942304644e-14
227,7.652779469160725e-14
228,4.0194366942304644e-14
229,6.355287432313019e-14
230,6.355287432313019e-14
231,3.1776437161565096e-14
232,6.355287432313019e-14
233,4.0194366942304644e-14
234,6.355287432313019e-14
235,7.652779469160725e-14
236,6.355287432313019e-14
237,4.0194366942304644e-14
238,6.355287432313019e-14
239,4.0194366942304644e-14
240,4.0194366942304644e-14
241,4.0194366942304644e-14
242,1.0345658394727079e-13
243,1.0345658394727079e-13
244,6.355287432313019e-14
245,7.652779469160725e-14
246,4.0194366942304644e-14
247,6.355287432313019e-14
248,4.0194366942304644e-14
249,3.1776437161565096e-14
250,4.0194366942304644e-14
251,3.1776437161565096e-14
252,6.355287432313019e-14
253,3.1776437161565096e-14
254,8.038873388460929e-14
255,6.355287432313019e-14
256,3.1776437161565096e-14
257,4.0194366942304644e-14
258,7.652779469160725e-14
259,1.0345658394727079e-13
260,4.0194366942304644e-14
261,8.038873388460929e-14
262,3.1776437161565096e-14
263,6.355287432313019e-14
264,4.0194366942304644e-14
265,6.355287432313019e-14
266,3.1776437161565096e-14
267,6.355287432313019e-14
268,6.355287432313019e-14
269,4.0194366942304644e-14
270,6.355287432313019e-14
271,4.0194366942304644e-14
272,1.1457157353758233e-13
273,3.1776437161565096e-14
274,4.0194366942304644e-14
275,4.0194366942304644e-14
276,6.355287432313019e-14
277,4.0194366942304644e-14
278,4.0194366942304644e-14
279,5.859285502108464e-14
280,6.355287432313019e-14
281,4.0194366942304644e-14
282,6.355287432313019e-14
283,4.0194366942304644e-14
284,3.1776437161565096e-14
285,4.0194366942304644e-14
286,6.355287432313019e-14
287,6.355287432313019e-14
288,3.1776437161565096e-14
289,8.038873388460929e-14
290,3.1776437161565096e-14
291,4.0194366942304644e-14
292,6.355287432313019e-14
293,7.652779469160725e-14
294,5.859285502108464e-14
295,3.1776437161565096e-14
296,4.0194366942304644e-14
297,1.0345658394727079e-13
298,6.355287432313019e-14
299,3.1776437161565096e-14
300,3.1776437161565096e-14
301,1.1457157353758233e-13
302,3.1776437161565096e-14
303,3.1776437161565096e-14
304,6.355287432313019e-14
305,7.652779469160725e-14
306,1.1457157353758233e-13
307,6.355287432313019e-14
308,4.0194366942304644e-14
309,4.0194366942304644e-14
310,6.355287432313019e-14
311,3.1776437161565096e-14
312,1.1457157353758233e-13
313,4.0194366942304644e-14
314,1.0345658394727079e-13
315,3.1776437161565096e-14
316,3.1776437161565096e-14
317,6.355287432313019e-14
318,4.0194366942304644e-14
319,3.1776437161565096e-14
320,6.355287432313019e-14
321,4.0194366942304644e-14
322,6.355287432313019e-14
323,3.1776437161565096e-14
324,6.355287432313019e-14
325,1.0345658394727079e-13
326,7.652779469160725e-14
327,6.355287432313019e-14
328,5.859285502108464e-14
329,6.355287432313019e-14
330,6.355287432313019e-14
331,3.1776437161565096e-14
332,3.1776437161565096e-14
333,4.0194366942304644e-14
334,3.1776437161565096e-14
335,6.355287432313019e-14
336,6.355287432313019e-14
337,3.1776437161565096e-14
338,4.0194366942304644e-14
339,7.652779469160725e-14
340,5.859285502108464e-14
341,6.355287432313019e-14
342,6.355287432313019e-14
343,6.355287432313019e-14
344,6.355287432313019e-14
345,6.355287432313019e-14
346,6.355287432313019e-14
347,1.0345658394727079e-13
348,7.652779469160725e-14
349,4.0194366942304644e-14
350,4.0194366942304644e-14
351,4.0194366942304644e-14
352,6.355287432313019e-14
353,4.0194366942304644e-14
354,4.0194366942304644e-14
355,4.0194366942304644e-14
356,4.0194366942304644e-14
357,1.3101760682293512e-13
358,4.0194366942304644e-14
359,6.355287432313019e-14
360,4.0194366942304644e-14
361,6.355287432313019e-14
362,3.1776437161565096e-14
363,6.355287432313019e-14
364,3.1776437161565096e-14
365,3.1776437161565096e-14
366,4.0194366942304644e-14
367,3.1776437161565096e-14
368,7.652779469160725e-14
369,7.652779469160725e-14
370,6.355287432313019e-14
371,4.0194366942304644e-14
372,3.1776437161565096e-14
373,1.0345658394727079e-13
374,4.0194366942304644e-14
375,3.1776437161565096e-14
376,4.0194366942304644e-14
377,3.1776437161565096e-14
378,1.3101760682293512e-13
379,3.1776437161565096e-14
380,6.355287432313019e-14
381,6.355287432313019e-14
382,6.355287432313019e-14
383,6.355287432313019e-14
384,4.0194366942304644e-14
385,4.0194366942304644e-14
386,4.0194366942304644e-14
387,1.0345658394727079e-13
388,4.0194366942304644e-14
389,4.0194366942304644e-14
390,1.3101760682293512e-13
391,6.355287432313019e-14
392,1.0345658394727079e-13
393,3.1776437161565096e-14
394,6.355287432313019e-14
395,3.1776437161565096e-14
396,6.355287432313019e-14
397,1.449228509952941e-13
398,3.1776437161565096e-14
399,6.355287432313019e-14
400,4.0194366942304644e-14
401,6.355287432313019e-14
402,4.0194366942304644e-14
403,4.0194366942304644e-14
404,4.0194366942304644e-14
405,3.1776437161565096e-14
406,6.355287432313019e-14
407,1.449228509952941e-13
408,6.355287432313019e-14
409,6.355287432313019e-14
410,3.1776437161565096e-14
411,4.0194366942304644e-14
412,4.0194366942304644e-14
413,8.038873388460929e-14
414,5.859285502108464e-14
415,6.355287432313019e-14
416,1.3101760682293512e-13
417,6.355287432313019e-14
418,6.355287432313019e-14
419,6.355287432313019e-14
420,3.1776437161565096e-14
421,3.1776437161565096e-14
422,6.355287432313019e-14
423,1.0345658394727079e-13
424,6.355287432313019e-14
425,6.355287432313019e-14
426,7.652779469160725e-14
427,4.0194366942304644e-14
428,4.0194366942304644e-14
429,4.0194366942304644e-14
430,3.1776437161565096e-14
431,3.1776437161565096e-14
432,6.355287432313019e-14
433,6.355287432313019e-14
434,5.859285502108464e-14
435,4.0194366942304644e-14
436,7.652779469160725e-14
437,4.0194366942304644e-14
438,3.1776437161565096e-14
439,4.0194366942304644e-14
440,3.1776437161565096e-14
441,4.0194366942304644e-14
442,4.0194366942304644e-14
443,6.355287432313019e-14
444,6.355287432313019e-14
445,8.038873388460929e-14
446,4.0194366942304644e-14
447,4.0194366942304644e-14
448,4.0194366942304644e-14
449,4.0194366942304644e-14
450,6.355287432313019e-14
451,7.652779469160725e-14
452,4.0194366942304644e-14
453,3.1776437161565096e-14
454,4.0194366942304644e-14
455,4.0194366942304644e-14
456,4.0194366942304644e-14
457,4.0194366942304644e-14
458,7.652779469160725e-14
459,6.355287432313019e-14
460,4.0194366942304644e-14
461,1.3101760682293512e-13
462,9.099386826154683e-14
463,3.1776437161565096e-14
464,1.0345658394727079e-13
465,4.0194366942304644e-14
466,7.652779469160725e-14
467,3.1776437161565096e-14
468,7.652779469160725e-14
469,6.355287432313019e-14
470,6.355287432313019e-14
471,3.1776437161565096e-14
472,4.0194366942304644e-14
473,4.0194366942304644e-14
474,6.355287432313019e-14
475,4.0194366942304644e-14
476,6.355287432313019e-14
477,4.0194366942304644e-14
478,3.1776437161565096e-14
479,4.0194366942304644e-14
480,4.0194366942304644e-14
481,4.0194366942304644e-14
482,4.0194366942304644e-14
483,5.859285502108464e-14
484,6.355287432313019e-14
485,4.0194366942304644e-14
486,3.1776437161565096e-14
487,8.038873388460929e-14
488,4.0194366942304644e-14
489,4.0194366942304644e-14
490,6.355287432313019e-14
491,3.1776437161565096e-14
492,3.1776437161565096e-14
493,4.0194366942304644e-14
494,7.652779469160725e-14
495,4.0194366942304644e-14
496,4.0194366942304644e-14
497,3.1776437161565096e-14
498,6.355287432313019e-14
499,3.1776437161565096e-14
0,1.2710574864626038e-13
1,2.842170943040401e-14
2,2.842170943040401e-14
3,6.355287432313019e-14
4,1.6077746776921858e-13
5,1.2710574864626038e-13
6,1.1718571004216928e-13
7,6.355287432313019e-14
8,1.1718571004216928e-13
9,1.2710574864626038e-13
10,6.355287432313019e-14
11,1.1368683772161603e-13
12,1.2710574864626038e-13
13,1.1718571004216928e-13
14,6.355287432313019e-14
15,1.2710574864626038e-13
16,8.038873388460929e-14
17,1.2710574864626038e-13
18,2.842170943040401e-14
19,1.2710574864626038e-13
20,1.1718571004216928e-13
21,8.038873388460929e-14
22,1.6077746776921858e-13
23,8.038873388460929e-14
24,1.1718571004216928e-13
25,1.6077746776921858e-13
26,8.038873388460929e-14
27,1.8198773652309366e-13
28,1.1718571004216928e-13
29,8.038873388460929e-14
30,1.2710574864626038e-13
31,8.038873388460929e-14
32,6.355287432313019e-14
33,6.355287432313019e-14
34,2.842170943040401e-14
35,2.842170943040401e-14
36,6.355287432313019e-14
37,1.2710574864626038e-13
38,6.355287432313019e-14
39,8.038873388460929e-14
40,6.355287432313019e-14
41,1.2710574864626038e-13
42,1.1718571004216928e-13
43,1.2710574864626038e-13
44,8.038873388460929e-14
45,6.355287432313019e-14
46,1.2710574864626038e-13
47,1.2710574864626038e-13
48,8.038873388460929e-14
49,6.355287432313019e-14
50,1.6077746776921858e-13
51,5.684341886080802e-14
52,1.8198773652309366e-13
53,1.6077746776921858e-13
54,1.2710574864626038e-13
55,6.355287432313019e-14
56,6.355287432313019e-14
57,6.355287432313019e-14
58,6.355287432313019e-14
59,6.355287432313019e-14
60,1.1718571004216928e-13
61,8.038873388460929e-14
62,1.1368683772161603e-13
63,6.355287432313019e-14
64,6.355287432313019e-14
65,1.2710574864626038e-13
66,8.038873388460929e-14
67,6.355287432313019e-14
68,8.038873388460929e-14
69,2.0495186137532011e-13
70,1.2710574864626038e-13
71,5.684341886080802e-14
72,1.2710574864626038e-13
73,1.2710574864626038e-13
74,5.684341886080802e-14
75,2.842170943040401e-14
76,1.6077746776921858e-13
77,1.1718571004216928e-13
78,8.038873388460929e-14
79,8.038873388460929e-14
80,1.2710574864626038e-13
81,6.355287432313019e-14
82,1.1718571004216928e-13
83,1.6077746776921858e-13
84,8.038873388460929e-14
85,1.1368683772161603e-13
86,1.2710574864626038e-13
87,2.21980646867526e-13
88,2.842170943040401e-14
89,8.038873388460929e-14
90,8.038873388460929e-14
91,2.842170943040401e-14
92,8.038873388460929e-14
93,1.2710574864626038e-13
94,5.684341886080802e-14
95,6.355287432313019e-14
96,1.1718571004216928e-13
97,1.2710574864626038e-13
98,2.842170943040401e-14
99,1.6077746776921858e-13
100,6.355287432313019e-14
101,1.2710574864626038e-13
102,1.2710574864626038e-13
103,1.8198773652309366e-13
104,8.038873388460929e-14
105,6.355287432313019e-14
106,1.2710574864626038e-13
107,1.2710574864626038e-13
108,5.684341886080802e-14
109,6.355287432313019e-14
110,2.842170943040401e-14
111,8.038873388460929e-14
112,6.355287432313019e-14
113,6.355287432313019e-14
114,8.038873388460929e-14
115,1.2710574864626038e-13
116,2.842170943040401e-14
117,1.8198773652309366e-13
118,1.1718571004216928e-13
119,6.355287432313019e-14
120,5.684341886080802e-14
121,1.1718571004216928e-13
122,1.2710574864626038e-13
123,5.684341886080802e-14
124,8.038873388460929e-14
125,1.1718571004216928e-13
126,2.842170943040401e-14
127,1.2710574864626038e-13
128,1.2710574864626038e-13
129,1.2710574864626038e-13
130,5.684341886080802e-14
131,6.355287432313019e-14
132,6.355287432313019e-14
133,1.1718571004216928e-13
134,2.842170943040401e-14
135,2.0495186137532011e-13
136,6.355287432313019e-14
137,6.355287432313019e-14
138,8.038873388460929e-14
139,5.684341886080802e-14
140,8.038873388460929e-14
141,2.21980646867526e-13
142,6.355287432313019e-14
143,5.684341886080802e-14
144,1.797546735911271e-13
145,2.842170943040401e-14
146,6.355287432313019e-14
147,1.1718571004216928e-13
148,1.1718571004216928e-13
149,8.038873388460929e-14
150,1.1718571004216928e-13
151,6.355287432313019e-14
152,1.8198773652309366e-13
153,1.2710574864626038e-13
154,6.355287432313019e-14
155,1.1718571004216928e-13
156,2.842170943040401e-14
157,1.1718571004216928e-13
158,1.2710574864626038e-13
159,6.355287432313019e-14
160,8.038873388460929e-14
161,1.1718571004216928e-13
162,2.842170943040401e-14
163,1.1718571004216928e-13
164,1.1718571004216928e-13
165,5.684341886080802e-14
166,6.355287432313019e-14
167,6.355287432313019e-14
168,1.1368683772161603e-13
169,6.355287432313019e-14
170,2.842170943040401e-14
171,1.1718571004216928e-13
172,2.842170943040401e-14
173,1.6077746776921858e-13
174,8.038873388460929e-14
175,1.2710574864626038e-13
176,1.6077746776921858e-13
177,1.6077746776921858e-13
178,8.038873388460929e-14
179,1.1718571004216928e-13
180,6.355287432313019e-14
181,5.684341886080802e-14
182,1.2710574864626038e-13
183,1.6077746776921858e-13
184,1.1368683772161603e-13
185,1.8198773652309366e-13
186,2.842170943040401e-14
187,6.355287432313019e-14
188,1.530555893832145e-13
189,5.684341886080802e-14
190,6.355287432313019e-14
191,2.842170943040401e-14
192,8.038873388460929e-14
193,6.355287432313019e-14
194,1.1368683772161603e-13
195,1.2710574864626038e-13
196,6.355287432313019e-14
197,6.355287432313019e-14
198,1.6077746776921858e-13
199,6.355287432313019e-14
200,1.6077746776921858e-13
201,8.038873388460929e-14
202,6.355287432313019e-14
203,8.038873388460929e-14
204,5.684341886080802e-14
205,8.038873388460929e-14
206,6.355287432313019e-14
207,1.2710574864626038e-13
208,1.2710574864626038e-13
209,2.842170943040401e-14
210,1.2710574864626038e-13
211,1.4210854715202004e-13
212,6.355287432313019e-14
213,1.2710574864626038e-13
214,6.355287432313019e-14
215,2.842170943040401e-14
216,6.355287432313019e-14
217,2.5421149729252077e-13
218,1.6077746776921858e-13
219,1.1718571004216928e-13
220,6.355287432313019e-14
221,1.2710574864626038e-13
222,8.038873388460929e-14
223,8.038873388460929e-14
224,6.355287432313019e-14
225,2.842170943040401e-14
226,6.355287432313019e-14
227,8.038873388460929e-14
228,1.2710574864626038e-13
229,6.355287432313019e-14
230,2.842170943040401e-14
231,6.355287432313019e-14
232,8.038873388460929e-14
233,3.074277920629802e-13
234,6.355287432313019e-14
235,2.842170943040401e-14
236,2.842170943040401e-14
237,1.2710574864626038e-13
238,1.1718571004216928e-13
239,1.6077746776921858e-13
240,1.1718571004216928e-13
241,5.684341886080802e-14
242,2.842170943040401e-14
243,8.038873388460929e-14
244,6.355287432313019e-14
245,2.842170943040401e-14
246,1.2710574864626038e-13
247,5.684341886080802e-14
248,8.038873388460929e-14
249,6.355287432313019e-14
250,1.1718571004216928e-13
251,6.355287432313019e-14
252,8.038873388460929e-14
253,8.038873388460929e-14
254,1.6077746776921858e-13
255,6.355287432313019e-14
256,1.2710574864626038e-13
257,1.8198773652309366e-13
258,1.530555893832145e-13
259,2.842170943040401e-14
260,6.355287432313019e-14
261,6.355287432313019e-14
262,1.1718571004216928e-13
263,8.038873388460929e-14
264,8.038873388460929e-14
265,6.355287432313019e-14
266,2.21980646867526e-13
267,2.842170943040401e-14
268,5.684341886080802e-14
269,6.355287432313019e-14
270,5.684341886080802e-14
271,1.2710574864626038e-13
272,8.038873388460929e-14
273,6.355287432313019e-14
274,6.355287432313019e-14
275,2.842170943040401e-14
276,1.1718571004216928e-13
277,1.2710574864626038e-13
278,8.038873388460929e-14
279,8.038873388460929e-14
280,2.842170943040401e-14
281,1.797546735911271e-13
282,1.1718571004216928e-13
283,2.842170943040401e-14
284,1.1718571004216928e-13
285,1.6077746776921858e-13
286,8.038873388460929e-14
287,1.1718571004216928e-13
288,1.797546735911271e-13
289,1.6077746776921858e-13
290,1.6077746776921858e-13
291,6.355287432313019e-14
292,1.6077746776921858e-13
293,1.2710574864626038e-13
294,2.842170943040401e-14
295,2.842170943040401e-14
296,6.355287432313019e-14
297,2.842170943040401e-14
298,6.355287432313019e-14
299,1.2710574864626038e-13
300,8.038873388460929e-14
301,1.2710574864626038e-13
302,1.6077746776921858e-13
303,8.038873388460929e-14
304,8.038873388460929e-14
305,1.1718571004216928e-13
306,1.2710574864626038e-13
307,1.8198773652309366e-13
308,1.2710574864626038e-13
309,2.2914314707516465e-13
310,6.355287432313019e-14
311,6.355287432313019e-14
312,1.6077746776921858e-13
313,1.2710574864626038e-13
314,2.842170943040401e-14
315,2.842170943040401e-14
316,1.6077746776921858e-13
317,5.684341886080802e-14
318,6.355287432313019e-14
319,5.684341886080802e-14
320,1.2710574864626038e-13
321,2.842170943040401e-14
322,8.038873388460929e-14
323,8.038873388460929e-14
324,5.684341886080802e-14
325,1.1718571004216928e-13
326,5.684341886080802e-14
327,6.355287432313019e-14
328,1.2710574864626038e-13
329,2.842170943040401e-14
330,6.355287432313019e-14
331,2.6812987050722663e-13
332,1.2710574864626038e-13
333,1.2710574864626038e-13
334,1.1718571004216928e-13
335,1.1718571004216928e-13
336,1.2710574864626038e-13
337,6.355287432313019e-14
338,1.2710574864626038e-13
339,8.038873388460929e-14
340,1.6077746776921858e-13
341,1.1718571004216928e-13
342,8.038873388460929e-14
343,8.038873388460929e-14
344,2.0495186137532011e-13
345,2.842170943040401e-14
346,6.355287432313019e-14
347,1.1718571004216928e-13
348,1.797546735911271e-13
349,1.1718571004216928e-13
350,1.1718571004216928e-13
351,1.2710574864626038e-13
352,1.8198773652309366e-13
353,2.842170943040401e-14
354,6.355287432313019e-14
355,2.842170943040401e-14
356,8.038873388460929e-14
357,1.8198773652309366e-13
358,6.355287432313019e-14
359,2.842170943040401e-14
360,6.355287432313019e-14
361,1.6077746776921858e-13
362,8.038873388460929e-14
363,1.2710574864626038e-13
364,1.8198773652309366e-13
365,6.355287432313019e-14
366,1.6077746776921858e-13
367,1.2710574864626038e-13
368,6.355287432313019e-14
369,1.4210854715202004e-13
370,2.842170943040401e-14
371,2.842170943040401e-14
372,6.355287432313019e-14
373,2.842170943040401e-14
374,1.2710574864626038e-13
375,6.355287432313019e-14
376,1.2710574864626038e-13
377,1.2710574864626038e-13
378,8.038873388460929e-14
379,1.1718571004216928e-13
380,6.355287432313019e-14
381,1.1718571004216928e-13
382,1.2710574864626038e-13
383,6.355287432313019e-14
384,2.21980646867526e-13
385,2.842170943040401e-14
386,1.2710574864626038e-13
387,5.684341886080802e-14
388,1.2710574864626038e-13
389,5.684341886080802e-14
390,1.2710574864626038e-13
391,1.6077746776921858e-13
392,6.355287432313019e-14
393,1.6077746776921858e-13
394,1.1368683772161603e-13
395,1.6077746776921858e-13
396,8.038873388460929e-14
397,3.4693117685644956e-13
398,8.038873388460929e-14
399,8.038873388460929e-14
400,1.1368683772161603e-13
401,1.2710574864626038e-13
402,1.2710574864626038e-13
403,6.355287432313019e-14
404,8.038873388460929e-14
405,1.6077746776921858e-13
406,1.6077746776921858e-13
407,8.038873388460929e-14
408,6.355287432313019e-14
409,5.684341886080802e-14
410,6.355287432313019e-14
411,1.1718571004216928e-13
412,5.684341886080802e-14
413,5.684341886080802e-14
414,8.038873388460929e-14
415,6.355287432313019e-14
416,3.1776437161565096e-13
417,1.2710574864626038e-13
418,1.1718571004216928e-13
419,2.842170943040401e-14
420,8.038873388460929e-14
421,5.684341886080802e-14
422,1.2710574864626038e-13
423,1.6077746776921858e-13
424,2.842170943040401e-14
425,6.355287432313019e-14
426,8.038873388460929e-14
427,5.684341886080802e-14
428,2.842170943040401e-14
429,5.684341886080802e-14
430,8.038873388460929e-14
431,1.2710574864626038e-13
432,8.038873388460929e-14
433,5.684341886080802e-14
434,6.355287432313019e-14
435,2.842170943040401e-14
436,6.355287432313019e-14
437,2.842170943040401e-14
438,6.355287432313019e-14
439,1.2710574864626038e-13
440,8.038873388460929e-14
441,2.0495186137532011e-13
442,1.1718571004216928e-13
443,2.842170943040401e-14
444,2.842170943040401e-14
445,1.2710574864626038e-13
446,8.038873388460929e-14
447,1.1718571004216928e-13
448,6.355287432313019e-14
449,1.1718571004216928e-13
450,8.038873388460929e-14
451,2.842170943040401e-14
452,1.2710574864626038e-13
453,2.842170943040401e-14
454,2.842170943040401e-14
455,8.038873388460929e-14
456,1.2710574864626038e-13
457,5.684341886080802e-14
458,6.355287432313019e-14
459,1.2710574864626038e-13
460,1.1718571004216928e-13
461,1.6077746776921858e-13
462,2.842170943040401e-14
463,8.038873388460929e-14
464,2.842170943040401e-14
465,2.842170943040401e-14
466,2.21980646867526e-13
467,6.355287432313019e-14
468,1.2710574864626038e-13
469,2.842170943040401e-14
470,8.038873388460929e-14
471,6.355287432313019e-14
472,6.355287432313019e-14
473,6.355287432313019e-14
474,1.2710574864626038e-13
475,1.1368683772161603e-13
476,2.842170943040401e-14
477,2.842170943040401e-14
478,8.038873388460929e-14
479,6.355287432313019e-14
480,1.1718571004216928e-13
481,1.2710574864626038e-13
482,1.1718571004216928e-13
483,8.038873388460929e-14
484,6.355287432313019e-14
485,1.1718571004216928e-13
486,1.1718571004216928e-13
487,1.6077746776921858e-13
488,1.8198773652309366e-13
489,8.038873388460929e-14
490,2.842170943040401e-14
491,6.355287432313019e-14
492,6.355287432313019e-14
493,2.842170943040401e-14
494,1.1718571004216928e-13
495,1.1718571004216928e-13
496,6.355287432313019e-14
497,1.2710574864626038e-13
498,2.842170943040401e-14
499,8.038873388460929e-14
0,3.0212691549237007e-13
1,8.987733679556355e-14
2,4.0194366942304644e-14
3,1.4210854715202004e-13
4,8.038873388460929e-14
5,1.530555893832145e-13
6,4.0194366942304644e-14
7,1.2710574864626038e-13
8,2.0097183471152322e-13
9,1.4210854715202004e-13
10,2.0097183471152322e-13
11,4.0194366942304644e-14
12,6.355287432313019e-14
13,8.987733679556355e-14
14,3.2405734631855066e-13
15,1.1718571004216928e-13
16,1.1718571004216928e-13
17,1.8198773652309366e-13
18,2.6203521364587025e-13
19,3.2405734631855066e-13
20,1.530555893832145e-13
21,4.0194366942304644e-14
22,6.355287432313019e-14
23,2.2914314707516465e-13
24,4.0194366942304644e-14
25,1.8198773652309366e-13
26,1.1718571004216928e-13
27,4.0194366942304644e-14
28,1.530555893832145e-13
29,2.813605685961325e-13
30,6.355287432313019e-14
31,4.0194366942304644e-14
32,3.639754730461873e-13
33,8.038873388460929e-14
34,2.0097183471152322e-13
35,1.1718571004216928e-13
36,4.0194366942304644e-14
37,1.6077746776921858e-13
38,1.530555893832145e-13
39,6.355287432313019e-14
40,8.038873388460929e-14
41,4.0194366942304644e-14
42,4.0194366942304644e-14
43,1.4210854715202004e-13
44,1.1718571004216928e-13
45,1.6077746776921858e-13
46,1.449228509952941e-13
47,1.1718571004216928e-13
48,2.0495186137532011e-13
49,2.0097183471152322e-13
50,4.0194366942304644e-14
51,1.8198773652309366e-13
52,5.429959962425187e-13
53,2.813605685961325e-13
54,2.2914314707516465e-13
55,2.1645329030274947e-13
56,1.530555893832145e-13
57,2.813605685961325e-13
58,4.0194366942304644e-14
59,4.0194366942304644e-14
60,1.8198773652309366e-13
61,1.4210854715202004e-13
62,2.1645329030274947e-13
63,1.2710574864626038e-13
64,2.813605685961325e-13
65,8.038873388460929e-14
66,2.813605685961325e-13
67,8.038873388460929e-14
68,1.6077746776921858e-13
69,1.2710574864626038e-13
70,2.2914314707516465e-13
71,8.987733679556355e-14
72,4.0194366942304644e-14
73,1.8198773652309366e-13
74,8.987733679556355e-14
75,2.813605685961325e-13
76,2.6812987050722663e-13
77,2.813605685961325e-13
78,2.6203521364587025e-13
79,1.8198773652309366e-13
80,1.2710574864626038e-13
81,8.038873388460929e-14
82,2.813605685961325e-13
83,1.2710574864626038e-13
84,1.6077746776921858e-13
85,2.6203521364587025e-13
86,4.0194366942304644e-14
87,1.1718571004216928e-13
88,6.355287432313019e-14
89,1.530555893832145e-13
90,8.987733679556355e-14
91,4.0194366942304644e-14
92,2.6203521364587025e-13
93,2.0097183471152322e-13
94,4.0194366942304644e-14
95,2.0097183471152322e-13
96,4.0194366942304644e-14
97,3.2155493553843715e-13
98,1.4210854715202004e-13
99,4.0194366942304644e-14
100,8.038873388460929e-14
101,1.6077746776921858e-13
102,2.2914314707516465e-13
103,1.530555893832145e-13
104,3.3266757983254893e-13
105,4.0194366942304644e-14
106,6.355287432313019e-14
107,6.355287432313019e-14
108,6.355287432313019e-14
109,6.355287432313019e-14
110,4.2251908630869667e-13
111,4.0194366942304644e-14
112,2.2914314707516465e-13
113,2.0097183471152322e-13
114,1.2710574864626038e-13
115,3.0212691549237007e-13
116,8.038873388460929e-14
117,1.8198773652309366e-13
118,1.1718571004216928e-13
119,1.1718571004216928e-13
120,4.0194366942304644e-14
121,6.355287432313019e-14
122,2.6812987050722663e-13
123,1.530555893832145e-13
124,8.038873388460929e-14
125,1.1718571004216928e-13
126,2.2914314707516465e-13
127,2.0097183471152322e-13
128,1.1718571004216928e-13
129,1.530555893832145e-13
130,1.530555893832145e-13
131,1.6077746776921858e-13
132,2.813605685961325e-13
133,4.0194366942304644e-14
134,2.813605685961325e-13
135,2.0097183471152322e-13
136,2.0495186137532011e-13
137,4.0194366942304644e-14
138,4.0194366942304644e-14
139,2.0097183471152322e-13
140,1.6077746776921858e-13
141,6.355287432313019e-14
142,4.0194366942304644e-14
143,8.038873388460929e-14
144,2.1645329030274947e-13
145,8.038873388460929e-14
146,3.8657704262548816e-13
147,8.987733679556355e-14
148,1.530555893832145e-13
149,8.987733679556355e-14
150,2.0097183471152322e-13
151,4.0194366942304644e-14
152,1.1718571004216928e-13
153,4.0194366942304644e-14
154,1.530555893832145e-13
155,1.530555893832145e-13
156,6.355287432313019e-14
157,1.530555893832145e-13
158,2.6812987050722663e-13
159,1.6077746776921858e-13
160,3.2155493553843715e-13
161,4.0194366942304644e-14
162,6.355287432313019e-14
163,1.0247593068766006e-13
164,8.987733679556355e-14
165,1.1718571004216928e-13
166,3.8657704262548816e-13
167,2.444927891657081e-13
168,8.038873388460929e-14
169,2.6812987050722663e-13
170,8.987733679556355e-14
171,1.530555893832145e-13
172,1.8198773652309366e-13
173,2.6812987050722663e-13
174,4.0194366942304644e-14
175,1.1718571004216928e-13
176,6.355287432313019e-14
177,6.355287432313019e-14
178,6.355287432313019e-14
179,1.6077746776921858e-13
180,6.355287432313019e-14
181,4.0194366942304644e-14
182,1.1718571004216928e-13
183,4.0194366942304644e-14
184,4.0194366942304644e-14
185,8.038873388460929e-14
186,2.813605685961325e-13
187,1.530555893832145e-13
188,4.0194366942304644e-14
189,2.813605685961325e-13
190,2.1645329030274947e-13
191,2.0097183471152322e-13
192,8.038873388460929e-14
193,1.1718571004216928e-13
194,1.530555893832145e-13
195,1.530555893832145e-13
196,2.813605685961325e-13
197,6.355287432313019e-14
198,4.0194366942304644e-14
199,1.449228509952941e-13
200,8.038873388460929e-14
201,4.0194366942304644e-14
202,6.355287432313019e-14
203,1.530555893832145e-13
204,4.0194366942304644e-14
205,6.355287432313019e-14
206,6.355287432313019e-14
207,1.449228509952941e-13
208,2.0097183471152322e-13
209,4.0194366942304644e-14
210,4.0194366942304644e-14
211,4.0194366942304644e-14
212,1.1718571004216928e-13
213,8.038873388460929e-14
214,6.355287432313019e-14
215,8.038873388460929e-14
216,1.8198773652309366e-13
217,2.2914314707516465e-13
218,6.355287432313019e-14
219,1.8198773652309366e-13
220,6.355287432313019e-14
221,8.038873388460929e-14
222,8.038873388460929e-14
223,8.038873388460929e-14
224,4.0194366942304644e-14
225,8.038873388460929e-14
226,6.355287432313019e-14
227,1.530555893832145e-13
228,1.1718571004216928e-13
229,4.0194366942304644e-14
230,2.0097183471152322e-13
231,1.530555893832145e-13
232,1.530555893832145e-13
233,1.8198773652309366e-13
234,1.530555893832145e-13
235,4.0194366942304644e-14
236,1.530555893832145e-13
237,1.6077746776921858e-13
238,4.0194366942304644e-14
239,1.8198773652309366e-13
240,2.2914314707516465e-13
241,2.0495186137532011e-13
242,1.1718571004216928e-13
243,8.038873388460929e-14
244,4.0194366942304644e-14
245,3.0212691549237007e-13
246,6.355287432313019e-14
247,4.0194366942304644e-14
248,4.0194366942304644e-14
249,4.0194366942304644e-14
250,2.0097183471152322e-13
251,1.530555893832145e-13
252,2.6203521364587025e-13
253,1.0247593068766006e-13
254,1.1718571004216928e-13
255,6.355287432313019e-14
256,4.0194366942304644e-14
257,6.355287432313019e-14
258,1.1718571004216928e-13
259,1.6077746776921858e-13
260,1.6077746776921858e-13
261,4.0194366942304644e-14
262,8.038873388460929e-14
263,2.6203521364587025e-13
264,1.1718571004216928e-13
265,1.6077746776921858e-13
266,1.2710574864626038e-13
267,6.355287432313019e-14
268,4.0194366942304644e-14
269,1.530555893832145e-13
270,4.0194366942304644e-14
271,6.355287432313019e-14
272,2.6812987050722663e-13
273,2.0495186137532011e-13
274,8.038873388460929e-14
275,4.0194366942304644e-14
276,4.0194366942304644e-14
277,3.8657704262548816e-13
278,6.355287432313019e-14
279,4.0194366942304644e-14
280,8.987733679556355e-14
281,8.038873388460929e-14
282,2.2914314707516465e-13
283,8.987733679556355e-14
284,3.0212691549237007e-13
285,2.813605685961325e-13
286,2.0097183471152322e-13
287,8.987733679556355e-14
288,1.449228509952941e-13
289,1.1718571004216928e-13
290,1.449228509952941e-13
291,1.6077746776921858e-13
292,8.987733679556355e-14
293,2.813605685961325e-13
294,2.0097183471152322e-13
295,6.355287432313019e-14
296,6.355287432313019e-14
297,4.0194366942304644e-14
298,4.0194366942304644e-14
299,6.355287432313019e-14
300,4.0194366942304644e-14
301,6.355287432313019e-14
302,3.0212691549237007e-13
303,1.4210854715202004e-13
304,4.0194366942304644e-14
305,4.0194366942304644e-14
306,8.038873388460929e-14
307,3.8657704262548816e-13
308,1.8198773652309366e-13
309,2.0097183471152322e-13
310,1.8198773652309366e-13
311,4.0194366942304644e-14
312,8.987733679556355e-14
313,4.0194366942304644e-14
314,2.1645329030274947e-13
315,2.6812987050722663e-13
316,2.0495186137532011e-13
317,1.1718571004216928e-13
318,4.0194366942304644e-14
319,8.038873388460929e-14
320,8.987733679556355e-14
321,6.355287432313019e-14
322,6.355287432313019e-14
323,6.355287432313019e-14
324,1.530555893832145e-13
325,3.5612299842971617e-13
326,6.355287432313019e-14
327,1.6077746776921858e-13
328,1.1718571004216928e-13
329,4.0194366942304644e-14
330,4.0194366942304644e-14
331,1.530555893832145e-13
332,1.6077746776921858e-13
333,6.355287432313019e-14
334,1.530555893832145e-13
335,2.2914314707516465e-13
336,6.355287432313019e-14
337,4.0194366942304644e-14
338,6.355287432313019e-14
339,6.355287432313019e-14
340,1.6077746776921858e-13
341,1.8198773652309366e-13
342,4.0194366942304644e-14
343,1.8198773652309366e-13
344,1.4210854715202004e-13
345,4.0194366942304644e-14
346,2.6203521364587025e-13
347,1.6077746776921858e-13
348,1.530555893832145e-13
349,6.355287432313019e-14
350,3.4693117685644956e-13
351,8.038873388460929e-14
352,1.1718571004216928e-13
353,6.355287432313019e-14
354,1.1718571004216928e-13
355,1.2710574864626038e-13
356,8.987733679556355e-14
357,3.2155493553843715e-13
358,4.0194366942304644e-14
359,6.355287432313019e-14
360,8.038873388460929e-14
361,6.355287432313019e-14
362,1.1718571004216928e-13
363,4.0194366942304644e-14
364,1.449228509952941e-13
365,1.8198773652309366e-13
366,1.1718571004216928e-13
367,1.8198773652309366e-13
368,1.4210854715202004e-13
369,2.0097183471152322e-13
370,1.1718571004216928e-13
371,1.449228509952941e-13
372,8.038873388460929e-14
373,1.8198773652309366e-13
374,6.355287432313019e-14
375,4.0194366942304644e-14
376,1.6077746776921858e-13
377,1.530555893832145e-13
378,1.8198773652309366e-13
379,6.355287432313019e-14
380,2.0097183471152322e-13
381,1.1718571004216928e-13
382,6.355287432313019e-14
383,1.1718571004216928e-13
384,6.355287432313019e-14
385,1.530555893832145e-13
386,6.355287432313019e-14
387,4.0194366942304644e-14
388,4.0194366942304644e-14
389,4.0194366942304644e-14
390,6.355287432313019e-14
391,8.987733679556355e-14
392,6.355287432313019e-14
393,6.355287432313019e-14
394,1.4210854715202004e-13
395,8.987733679556355e-14
396,4.0194366942304644e-14
397,2.813605685961325e-13
398,4.0194366942304644e-14
399,1.1718571004216928e-13
400,6.355287432313019e-14
401,2.6812987050722663e-13
402,1.1718571004216928e-13
403,2.0097183471152322e-13
404,2.6812987050722663e-13
405,2.0097183471152322e-13
406,8.038873388460929e-14
407,1.1718571004216928e-13
408,8.038873388460929e-14
409,8.987733679556355e-14
410,1.6077746776921858e-13
411,1.6077746776921858e-13
412,2.0097183471152322e-13
413,6.355287432313019e-14
414,1.6077746776921858e-13
415,4.4213803636535104e-13
416,4.0194366942304644e-14
417,4.0194366942304644e-14
418,2.5421149729252077e-13
419,8.038873388460929e-14
420,8.987733679556355e-14
421,4.0194366942304644e-14
422,8.038873388460929e-14
423,4.0194366942304644e-14
424,1.530555893832145e-13
425,4.0194366942304644e-14
426,1.8198773652309366e-13
427,6.355287432313019e-14
428,2.2914314707516465e-13
429,1.8198773652309366e-13
430,4.0194366942304644e-14
431,1.4210854715202004e-13
432,8.038873388460929e-14
433,4.0194366942304644e-14
434,1.1718571004216928e-13
435,1.6077746776921858e-13
436,1.530555893832145e-13
437,4.0194366942304644e-14
438,4.0194366942304644e-14
439,1.8198773652309366e-13
440,4.0194366942304644e-14
441,4.0194366942304644e-14
442,1.2710574864626038e-13
443,4.0194366942304644e-14
444,1.1718571004216928e-13
445,2.2914314707516465e-13
446,8.987733679556355e-14
447,8.038873388460929e-14
448,4.0194366942304644e-14
449,4.0194366942304644e-14
450,6.355287432313019e-14
451,4.0194366942304644e-14
452,6.355287432313019e-14
453,2.2914314707516465e-13
454,4.0194366942304644e-14
455,4.0194366942304644e-14
456,1.1718571004216928e-13
457,1.6077746776921858e-13
458,3.0212691549237007e-13
459,2.0097183471152322e-13
460,2.813605685961325e-13
461,1.8198773652309366e-13
462,4.0194366942304644e-14
463,4.0194366942304644e-14
464,8.987733679556355e-14
465,6.355287432313019e-14
466,2.6812987050722663e-13
467,8.038873388460929e-14
468,1.530555893832145e-13
469,2.813605685961325e-13
470,4.0194366942304644e-14
471,1.1718571004216928e-13
472,2.6812987050722663e-13
473,8.987733679556355e-14
474,4.0194366942304644e-14
475,2.2914314707516465e-13
476,2.0097183471152322e-13
477,2.6203521364587025e-13
478,1.530555893832145e-13
479,4.0194366942304644e-14
480,1.530555893832145e-13
481,3.7057375295732124e-13
482,4.0194366942304644e-14
483,1.1718571004216928e-13
484,2.813605685961325e-13
485,1.1718571004216928e-13
486,2.6203521364587025e-13
487,1.449228509952941e-13
488,8.987733679556355e-14
489,2.0097183471152322e-13
490,1.6077746776921858e-13
491,1.1718571004216928e-13
492,1.1718571004216928e-13
493,2.0097183471152322e-13
494,4.0194366942304644e-14
495,4.0194366942304644e-14
496,8.987733679556355e-14
497,2.2914314707516465e-13
498,4.0194366942304644e-14
499,1.6077746776921858e-13
0,1.4210854715202004e-14
1,2.842170943040401e-14
2,1.4210854715202004e-14
3,7.105427357601002e-14
4,1.1457157353758233e-13
5,7.105427357601002e-14
6,9.947598300641403e-14
7,9.947598300641403e-14
8,1.4210854715202004e-14
9,1.6633378991627446e-13
10,2.842170943040401e-14
11,5.859285502108464e-14
12,5.859285502108464e-14
13,6.355287432313019e-14
14,9.099386826154683e-14
15,5.859285502108464e-14
16,1.4210854715202004e-14
17,6.355287432313019e-14
18,1.1457157353758233e-13
19,1.4210854715202004e-14
20,1.6633378991627446e-13
21,7.105427357601002e-14
22,5.859285502108464e-14
23,2.481819080425819e-13
24,1.1457157353758233e-13
25,5.684341886080802e-14
26,5.859285502108464e-14
27,1.6633378991627446e-13
28,8.038873388460929e-14
29,1.5631940186722204e-13
30,1.9895196601282805e-13
31,6.355287432313019e-14
32,6.355287432313019e-14
33,1.4210854715202004e-14
34,2.842170943040401e-14
35,2.0691316789454157e-13
36,1.1457157353758233e-13
37,1.4210854715202004e-14
38,7.105427357601002e-14
39,2.0691316789454157e-13
40,5.859285502108464e-14
41,9.099386826154683e-14
42,1.4210854715202004e-14
43,7.105427357601002e-14
44,5.859285502108464e-14
45,1.1457157353758233e-13
46,6.355287432313019e-14
47,1.1457157353758233e-13
48,9.947598300641403e-14
49,8.038873388460929e-14
50,2.842170943040401e-14
51,8.038873388460929e-14
52,1.1457157353758233e-13
53,1.4210854715202004e-14
54,5.684341886080802e-14
55,1.4210854715202004e-14
56,1.1368683772161603e-13
57,9.947598300641403e-14
58,5.859285502108464e-14
59,7.105427357601002e-14
60,1.1368683772161603e-13
61,5.859285502108464e-14
62,1.9895196601282805e-13
63,9.099386826154683e-14
64,9.947598300641403e-14
65,1.5631940186722204e-13
66,7.105427357601002e-14
67,5.684341886080802e-14
68,6.355287432313019e-14
69,2.842170943040401e-14
70,1.4210854715202004e-14
71,2.842170943040401e-14
72,5.859285502108464e-14
73,1.1457157353758233e-13
74,1.2710574864626038e-13
75,8.038873388460929e-14
76,1.4210854715202004e-14
77,8.038873388460929e-14
78,5.859285502108464e-14
79,5.859285502108464e-14
80,6.355287432313019e-14
81,1.3406493525361332e-13
82,2.842170943040401e-14
83,9.947598300641403e-14
84,1.2710574864626038e-13
85,8.038873388460929e-14
86,7.105427357601002e-14
87,5.684341886080802e-14
88,6.355287432313019e-14
89,5.859285502108464e-14
90,7.105427357601002e-14
91,5.859285502108464e-14
92,6.355287432313019e-14
93,1.5631940186722204e-13
94,1.5631940186722204e-13
95,9.947598300641403e-14
96,8.038873388460929e-14
97,5.859285502108464e-14
98,7.105427357601002e-14
99,1.5631940186722204e-13
100,1.2710574864626038e-13
101,1.9895196601282805e-13
102,1.1457157353758233e-13
103,5.684341886080802e-14
104,1.9895196601282805e-13
105,9.947598300641403e-14
106,5.859285502108464e-14
107,8.038873388460929e-14
108,8.038873388460929e-14
109,5.859285502108464e-14
110,5.859285502108464e-14
111,1.1457157353758233e-13
112,8.038873388460929e-14
113,5.684341886080802e-14
114,7.105427357601002e-14
115,9.947598300641403e-14
116,1.1457157353758233e-13
117,5.859285502108464e-14
118,1.1457157353758233e-13
119,5.859285502108464e-14
120,9.947598300641403e-14
121,8.038873388460929e-14
122,9.947598300641403e-14
123,9.099386826154683e-14
124,9.099386826154683e-14
125,9.099386826154683e-14
126,1.1457157353758233e-13
127,9.947598300641403e-14
128,5.859285502108464e-14
129,8.038873388460929e-14
130,9.099386826154683e-14
131,1.4210854715202004e-14
132,9.099386826154683e-14
133,1.4210854715202004e-14
134,5.684341886080802e-14
135,9.947598300641403e-14
136,7.105427357601002e-14
137,7.105427357601002e-14
138,9.947598300641403e-14
139,1.4210854715202004e-14
140,9.099386826154683e-14
141,1.4210854715202004e-14
142,2.842170943040401e-14
143,1.1457157353758233e-13
144,6.355287432313019e-14
145,1.4210854715202004e-14
146,7.105427357601002e-14
147,5.859285502108464e-14
148,7.105427357601002e-14
149,1.5631940186722204e-13
150,5.859285502108464e-14
151,2.842170943040401e-14
152,7.105427357601002e-14
153,6.355287432313019e-14
154,6.355287432313019e-14
155,1.1457157353758233e-13
156,1.4210854715202004e-14
157,1.6633378991627446e-13
158,1.6633378991627446e-13
159,9.947598300641403e-14
160,9.099386826154683e-14
161,9.099386826154683e-14
162,1.4210854715202004e-14
163,9.947598300641403e-14
164,1.1368683772161603e-13
165,7.105427357601002e-14
166,8.038873388460929e-14
167,9.099386826154683e-14
168,1.1457157353758233e-13
169,2.842170943040401e-14
170,1.5631940186722204e-13
171,5.859285502108464e-14
172,6.355287432313019e-14
173,1.6633378991627446e-13
174,5.859285502108464e-14
175,1.6633378991627446e-13
176,2.481819080425819e-13
177,6.355287432313019e-14
178,9.947598300641403e-14
179,9.099386826154683e-14
180,1.1457157353758233e-13
181,9.099386826154683e-14
182,7.105427357601002e-14
183,1.4210854715202004e-14
184,1.5631940186722204e-13
185,1.4210854715202004e-14
186,1.1457157353758233e-13
187,1.2710574864626038e-13
188,7.105427357601002e-14
189,9.099386826154683e-14
190,1.1457157353758233e-13
191,1.1368683772161603e-13
192,1.4210854715202004e-14
193,1.5631940186722204e-13
194,1.1457157353758233e-13
195,6.355287432313019e-14
196,5.859285502108464e-14
197,1.2710574864626038e-13
198,5.859285502108464e-14
199,9.947598300641403e-14
200,5.684341886080802e-14
201,1.1457157353758233e-13
202,5.859285502108464e-14
203,1.1368683772161603e-13
204,1.4210854715202004e-14
205,5.859285502108464e-14
206,9.099386826154683e-14
207,2.842170943040401e-14
208,1.4210854715202004e-14
209,1.6633378991627446e-13
210,7.105427357601002e-14
211,7.105427357601002e-14
212,9.099386826154683e-14
213,1.4210854715202004e-14
214,1.4210854715202004e-14
215,9.099386826154683e-14
216,6.355287432313019e-14
217,1.4210854715202004e-14
218,9.947598300641403e-14
219,9.099386826154683e-14
220,1.1457157353758233e-13
221,9.947598300641403e-14
222,5.859285502108464e-14
223,5.859285502108464e-14
224,1.4210854715202004e-14
225,5.859285502108464e-14
226,1.1457157353758233e-13
227,7.105427357601002e-14
228,8.038873388460929e-14
229,2.842170943040401e-14
230,9.947598300641403e-14
231,1.2710574864626038e-13
232,1.2710574864626038e-13
233,6.355287432313019e-14
234,7.105427357601002e-14
235,2.0691316789454157e-13
236,9.947598300641403e-14
237,5.859285502108464e-14
238,5.859285502108464e-14
239,1.1368683772161603e-13
240,5.684341886080802e-14
241,9.099386826154683e-14
242,1.4210854715202004e-14
243,1.1457157353758233e-13
244,5.859285502108464e-14
245,1.6633378991627446e-13
246,5.859285502108464e-14
247,1.4210854715202004e-14
248,1.4210854715202004e-14
249,7.105427357601002e-14
250,1.4210854715202004e-14
251,1.9328852131274408e-13
252,2.0691316789454157e-13
253,9.947598300641403e-14
254,1.1368683772161603e-13
255,7.105427357601002e-14
256,1.9895196601282805e-13
257,9.947598300641403e-14
258,9.947598300641403e-14
259,1.6633378991627446e-13
260,2.842170943040401e-14
261,5.684341886080802e-14
262,9.099386826154683e-14
263,1.1368683772161603e-13
264,8.038873388460929e-14
265,5.859285502108464e-14
266,1.4210854715202004e-14
267,6.355287432313019e-14
268,9.947598300641403e-14
269,5.859285502108464e-14
270,9.947598300641403e-14
271,5.859285502108464e-14
272,1.4210854715202004e-14
273,1.4210854715202004e-14
274,1.6633378991627446e-13
275,5.859285502108464e-14
276,5.859285502108464e-14
277,1.1457157353758233e-13
278,6.355287432313019e-14
279,5.859285502108464e-14
280,5.859285502108464e-14
281,6.355287432313019e-14
282,1.1457157353758233e-13
283,9.099386826154683e-14
284,1.4210854715202004e-14
285,1.4210854715202004e-14
286,1.5631940186722204e-13
287,6.355287432313019e-14
288,5.859285502108464e-14
289,7.105427357601002e-14
290,5.684341886080802e-14
291,1.1368683772161603e-13
292,5.859285502108464e-14
293,1.1368683772161603e-13
294,5.859285502108464e-14
295,1.5631940186722204e-13
296,1.1368683772161603e-13
297,2.0691316789454157e-13
298,5.859285502108464e-14
299,9.099386826154683e-14
300,7.105427357601002e-14
301,1.6633378991627446e-13
302,1.1457157353758233e-13
303,8.038873388460929e-14
304,1.1457157353758233e-13
305,1.4210854715202004e-14
306,6.355287432313019e-14
307,8.038873388460929e-14
308,9.947598300641403e-14
309,5.859285502108464e-14
310,5.684341886080802e-14
311,5.684341886080802e-14
312,1.6633378991627446e-13
313,2.0691316789454157e-13
314,7.105427357601002e-14
315,9.099386826154683e-14
316,2.842170943040401e-14
317,8.038873388460929e-14
318,1.6633378991627446e-13
319,1.4210854715202004e-14
320,5.859285502108464e-14
321,9.947598300641403e-14
322,1.2710574864626038e-13
323,1.6633378991627446e-13
324,2.0691316789454157e-13
325,9.099386826154683e-14
326,7.105427357601002e-14
327,9.947598300641403e-14
328,2.842170943040401e-14
329,7.105427357601002e-14
330,8.038873388460929e-14
331,2.842170943040401e-14
332,5.859285502108464e-14
333,2.4158453015843406e-13
334,2.842170943040401e-14
335,5.859285502108464e-14
336,6.355287432313019e-14
337,8.038873388460929e-14
338,9.099386826154683e-14
339,8.038873388460929e-14
340,6.355287432313019e-14
341,1.1457157353758233e-13
342,5.859285502108464e-14
343,1.4210854715202004e-14
344,7.105427357601002e-14
345,8.038873388460929e-14
346,1.4210854715202004e-14
347,1.4210854715202004e-14
348,1.2710574864626038e-13
349,9.099386826154683e-14
350,1.1457157353758233e-13
351,1.4210854715202004e-14
352,1.4210854715202004e-14
353,5.684341886080802e-14
354,5.859285502108464e-14
355,5.859285502108464e-14
356,7.105427357601002e-14
357,7.105427357601002e-14
358,1.2710574864626038e-13
359,1.3406493525361332e-13
360,2.842170943040401e-14
361,9.947598300641403e-14
362,1.6633378991627446e-13
363,2.842170943040401e-14
364,7.105427357601002e-14
365,5.859285502108464e-14
366,7.105427357601002e-14
367,9.099386826154683e-14
368,6.355287432313019e-14
369,7.105427357601002e-14
370,5.859285502108464e-14
371,9.947598300641403e-14
372,1.1457157353758233e-13
373,2.8421709430404007e-13
374,1.4210854715202004e-14
375,9.947598300641403e-14
376,2.842170943040401e-14
377,1.4210854715202004e-14
378,9.099386826154683e-14
379,9.947598300641403e-14
380,8.038873388460929e-14
381,5.859285502108464e-14
382,9.947598300641403e-14
383,1.4210854715202004e-14
384,1.4210854715202004e-14
385,8.038873388460929e-14
386,7.105427357601002e-14
387,5.859285502108464e-14
388,9.099386826154683e-14
389,6.355287432313019e-14
390,1.5631940186722204e-13
391,7.105427357601002e-14
392,8.038873388460929e-14
393,1.6633378991627446e-13
394,2.481819080425819e-13
395,6.355287432313019e-14
396,9.099386826154683e-14
397,2.0691316789454157e-13
398,1.1457157353758233e-13
399,1.4210854715202004e-14
400,1.5631940186722204e-13
401,5.859285502108464e-14
402,1.4210854715202004e-14
403,7.105427357601002e-14
404,7.105427357601002e-14
405,1.1457157353758233e-13
406,1.9328852131274408e-13
407,1.1368683772161603e-13
408,9.099386826154683e-14
409,1.4210854715202004e-14
410,9.099386826154683e-14
411,1.3406493525361332e-13
412,7.105427357601002e-14
413,1.2710574864626038e-13
414,2.842170943040401e-14
415,6.355287432313019e-14
416,6.355287432313019e-14
417,7.105427357601002e-14
418,6.355287432313019e-14
419,1.9328852131274408e-13
420,9.947598300641403e-14
421,1.4210854715202004e-14
422,9.947598300641403e-14
423,9.099386826154683e-14
424,1.9895196601282805e-13
425,5.684341886080802e-14
426,1.1457157353758233e-13
427,2.842170943040401e-14
428,1.1457157353758233e-13
429,8.038873388460929e-14
430,1.5631940186722204e-13
431,2.842170943040401e-14
432,1.4210854715202004e-14
433,7.105427357601002e-14
434,1.1368683772161603e-13
435,7.105427357601002e-14
436,6.355287432313019e-14
437,1.6633378991627446e-13
438,1.4210854715202004e-14
439,1.4210854715202004e-14
440,1.1368683772161603e-13
441,9.099386826154683e-14
442,1.4210854715202004e-14
443,7.105427357601002e-14
444,1.4210854715202004e-14
445,2.842170943040401e-14
446,7.105427357601002e-14
447,6.355287432313019e-14
448,1.4210854715202004e-14
449,5.684341886080802e-14
450,7.105427357601002e-14
451,1.9895196601282805e-13
452,6.355287432313019e-14
453,9.947598300641403e-14
454,1.4210854715202004e-14
455,1.4210854715202004e-14
456,1.1368683772161603e-13
457,9.099386826154683e-14
458,6.355287432313019e-14
459,1.4210854715202004e-14
460,1.1457157353758233e-13
461,1.4210854715202004e-14
462,7.105427357601002e-14
463,9.947598300641403e-14
464,9.947598300641403e-14
465,1.4210854715202004e-14
466,6.355287432313019e-14
467,1.4210854715202004e-14
468,1.4210854715202004e-14
469,1.4210854715202004e-14
470,5.859285502108464e-14
471,5.859285502108464e-14
472,5.859285502108464e-14
473,1.4210854715202004e-14
474,9.947598300641403e-14
475,1.4210854715202004e-14
476,1.1457157353758233e-13
477,2.842170943040401e-14
478,1.4210854715202004e-14
479,5.684341886080802e-14
480,1.4210854715202004e-14
481,1.6633378991627446e-13
482,8.038873388460929e-14
483,1.4210854715202004e-14
484,1.6633378991627446e-13
485,5.859285502108464e-14
486,6.355287432313019e-14
487,1.4210854715202004e-14
488,5.859285502108464e-14
489,1.4210854715202004e-14
490,1.9895196601282805e-13
491,9.099386826154683e-14
492,1.2710574864626038e-13
493,5.859285502108464e-14
494,5.859285502108464e-14
495,1.4210854715202004e-14
496,5.684341886080802e-14
497,9.099386826154683e-14
498,5.684341886080802e-14
499,5.859285502108464e-14
0,8.038873388460929e-14
1,4.0194366942304644e-14
2,6.355287432313019e-14
3,8.038873388460929e-14
4,8.038873388460929e-14
5,1.6077746776921858e-13
6,4.0194366942304644e-14
7,6.355287432313019e-14
8,8.038873388460929e-14
9,6.355287432313019e-14
10,1.449228509952941e-13
11,1.1718571004216928e-13
12,1.6077746776921858e-13
13,8.038873388460929e-14
14,1.1718571004216928e-13
15,6.355287432313019e-14
16,6.355287432313019e-14
17,1.1718571004216928e-13
18,3.6866145396381985e-13
19,4.0194366942304644e-14
20,6.355287432313019e-14
21,2.2914314707516465e-13
22,1.1718571004216928e-13
23,1.530555893832145e-13
24,8.038873388460929e-14
25,1.1718571004216928e-13
26,8.038873388460929e-14
27,2.21980646867526e-13
28,4.0194366942304644e-14
29,1.6077746776921858e-13
30,1.530555893832145e-13
31,1.6077746776921858e-13
32,1.1718571004216928e-13
33,6.355287432313019e-14
34,1.530555893832145e-13
35,4.0194366942304644e-14
36,6.355287432313019e-14
37,6.355287432313019e-14
38,1.6077746776921858e-13
39,8.038873388460929e-14
40,4.0194366942304644e-14
41,4.0194366942304644e-14
42,1.1718571004216928e-13
43,8.038873388460929e-14
44,2.2914314707516465e-13
45,1.530555893832145e-13
46,6.355287432313019e-14
47,4.0194366942304644e-14
48,2.2914314707516465e-13
49,1.530555893832145e-13
50,1.1718571004216928e-13
51,4.0194366942304644e-14
52,1.1718571004216928e-13
53,6.355287432313019e-14
54,2.2914314707516465e-13
55,8.038873388460929e-14
56,4.0194366942304644e-14
57,4.0194366942304644e-14
58,1.530555893832145e-13
59,1.1718571004216928e-13
60,1.1718571004216928e-13
61,6.355287432313019e-14
62,8.038873388460929e-14
63,1.1718571004216928e-13
64,8.038873388460929e-14
65,1.530555893832145e-13
66,6.355287432313019e-14
67,6.355287432313019e-14
68,6.355287432313019e-14
69,1.530555893832145e-13
70,4.0194366942304644e-14
71,8.038873388460929e-14
72,1.530555893832145e-13
73,4.0194366942304644e-14
74,4.0194366942304644e-14
75,4.0194366942304644e-14
76,4.0194366942304644e-14
77,4.0194366942304644e-14
78,8.038873388460929e-14
79,8.038873388460929e-14
80,2.2914314707516465e-13
81,2.2914314707516465e-13
82,1.1718571004216928e-13
83,4.0194366942304644e-14
84,2.21980646867526e-13
85,1.6077746776921858e-13
86,4.0194366942304644e-14
87,1.1718571004216928e-13
88,6.355287432313019e-14
89,4.0194366942304644e-14
90,8.038873388460929e-14
91,4.0194366942304644e-14
92,4.0194366942304644e-14
93,6.355287432313019e-14
94,8.038873388460929e-14
95,6.355287432313019e-14
96,6.355287432313019e-14
97,1.530555893832145e-13
98,2.813605685961325e-13
99,1.6077746776921858e-13
100,1.530555893832145e-13
101,4.0194366942304644e-14
102,1.6077746776921858e-13
103,1.1718571004216928e-13
104,1.1718571004216928e-13
105,1.449228509952941e-13
106,1.530555893832145e-13
107,1.530555893832145e-13
108,1.530555893832145e-13
109,8.038873388460929e-14
110,8.038873388460929e-14
111,4.0194366942304644e-14
112,1.530555893832145e-13
113,1.530555893832145e-13
114,2.481819080425819e-13
115,8.038873388460929e-14
116,1.1718571004216928e-13
117,8.038873388460929e-14
118,6.355287432313019e-14
119,4.0194366942304644e-14
120,8.038873388460929e-14
121,1.797546735911271e-13
122,4.0194366942304644e-14
123,4.0194366942304644e-14
124,1.6077746776921858e-13
125,1.449228509952941e-13
126,1.1718571004216928e-13
127,4.0194366942304644e-14
128,8.038873388460929e-14
129,4.0194366942304644e-14
130,8.038873388460929e-14
131,8.038873388460929e-14
132,2.21980646867526e-13
133,6.355287432313019e-14
134,1.1718571004216928e-13
135,2.2914314707516465e-13
136,8.038873388460929e-14
137,1.6077746776921858e-13
138,1.1718571004216928e-13
139,1.6077746776921858e-13
140,8.038873388460929e-14
141,4.0194366942304644e-14
142,6.355287432313019e-14
143,1.1718571004216928e-13
144,8.038873388460929e-14
145,1.2710574864626038e-13
146,8.038873388460929e-14
147,4.0194366942304644e-14
148,8.038873388460929e-14
149,4.0194366942304644e-14
150,4.0194366942304644e-14
151,6.355287432313019e-14
152,8.038873388460929e-14
153,6.355287432313019e-14
154,4.0194366942304644e-14
155,2.2914314707516465e-13
156,6.355287432313019e-14
157,1.6077746776921858e-13
158,1.1718571004216928e-13
159,6.355287432313019e-14
160,4.0194366942304644e-14
161,1.6077746776921858e-13
162,6.355287432313019e-14
163,4.0194366942304644e-14
164,6.355287432313019e-14
165,1.1718571004216928e-13
166,4.0194366942304644e-14
167,8.038873388460929e-14
168,4.0194366942304644e-14
169,4.0194366942304644e-14
170,4.0194366942304644e-14
171,6.355287432313019e-14
172,6.355287432313019e-14
173,1.1718571004216928e-13
174,4.0194366942304644e-14
175,6.355287432313019e-14
176,8.038873388460929e-14
177,6.355287432313019e-14
178,4.0194366942304644e-14
179,4.0194366942304644e-14
180,1.530555893832145e-13
181,8.038873388460929e-14
182,1.1718571004216928e-13
183,4.0194366942304644e-14
184,6.355287432313019e-14
185,4.0194366942304644e-14
186,1.6077746776921858e-13
187,8.038873388460929e-14
188,1.1718571004216928e-13
189,8.038873388460929e-14
190,4.0194366942304644e-14
191,8.038873388460929e-14
192,6.355287432313019e-14
193,4.0194366942304644e-14
194,1.1718571004216928e-13
195,6.355287432313019e-14
196,6.355287432313019e-14
197,1.1718571004216928e-13
198,1.530555893832145e-13
199,1.6077746776921858e-13
200,1.530555893832145e-13
201,1.530555893832145e-13
202,6.355287432313019e-14
203,6.355287432313019e-14
204,4.0194366942304644e-14
205,4.0194366942304644e-14
206,1.6077746776921858e-13
207,1.530555893832145e-13
208,4.0194366942304644e-14
209,4.0194366942304644e-14
210,1.6077746776921858e-13
211,4.0194366942304644e-14
212,4.0194366942304644e-14
213,1.6077746776921858e-13
214,6.355287432313019e-14
215,4.0194366942304644e-14
216,1.1718571004216928e-13
217,1.1718571004216928e-13
218,4.0194366942304644e-14
219,6.355287432313019e-14
220,8.038873388460929e-14
221,4.0194366942304644e-14
222,1.1718571004216928e-13
223,8.038873388460929e-14
224,1.6077746776921858e-13
225,8.038873388460929e-14
226,4.0194366942304644e-14
227,8.038873388460929e-14
228,2.2914314707516465e-13
229,4.0194366942304644e-14
230,6.355287432313019e-14
231,1.1718571004216928e-13
232,8.038873388460929e-14
233,6.355287432313019e-14
234,4.0194366942304644e-14
235,1.1718571004216928e-13
236,4.0194366942304644e-14
237,1.1718571004216928e-13
238,8.038873388460929e-14
239,6.355287432313019e-14
240,6.355287432313019e-14
241,8.038873388460929e-14
242,6.355287432313019e-14
243,1.530555893832145e-13
244,6.355287432313019e-14
245,1.1718571004216928e-13
246,8.038873388460929e-14
247,1.449228509952941e-13
248,4.0194366942304644e-14
249,8.038873388460929e-14
250,6.355287432313019e-14
251,8.038873388460929e-14
252,4.0194366942304644e-14
253,2.2914314707516465e-13
254,1.6077746776921858e-13
255,1.530555893832145e-13
256,6.355287432313019e-14
257,2.481819080425819e-13
258,4.0194366942304644e-14
259,8.038873388460929e-14
260,8.038873388460929e-14
261,1.530555893832145e-13
262,4.0194366942304644e-14
263,1.530555893832145e-13
264,4.0194366942304644e-14
265,2.2914314707516465e-13
266,4.0194366942304644e-14
267,1.530555893832145e-13
268,1.530555893832145e-13
269,4.0194366942304644e-14
270,8.038873388460929e-14
271,1.1718571004216928e-13
272,8.038873388460929e-14
273,1.530555893832145e-13
274,2.2914314707516465e-13
275,4.0194366942304644e-14
276,4.0194366942304644e-14
277,4.0194366942304644e-14
278,2.957087310546287e-13
279,1.1718571004216928e-13
280,1.6077746776921858e-13
281,1.6077746776921858e-13
282,1.1718571004216928e-13
283,1.1718571004216928e-13
284,4.0194366942304644e-14
285,1.2710574864626038e-13
286,6.355287432313019e-14
287,6.355287432313019e-14
288,8.038873388460929e-14
289,6.355287432313019e-14
290,4.0194366942304644e-14
291,8.038873388460929e-14
292,1.1718571004216928e-13
293,1.530555893832145e-13
294,1.1718571004216928e-13
295,1.6077746776921858e-13
296,8.038873388460929e-14
297,6.355287432313019e-14
298,6.355287432313019e-14
299,2.481819080425819e-13
300,6.355287432313019e-14
301,1.2710574864626038e-13
302,8.038873388460929e-14
303,1.6077746776921858e-13
304,4.0194366942304644e-14
305,8.038873388460929e-14
306,1.1718571004216928e-13
307,1.1718571004216928e-13
308,2.21980646867526e-13
309,1.530555893832145e-13
310,1.530555893832145e-13
311,1.1718571004216928e-13
312,8.038873388460929e-14
313,1.6077746776921858e-13
314,4.0194366942304644e-14
315,8.038873388460929e-14
316,4.0194366942304644e-14
317,2.21980646867526e-13
318,4.0194366942304644e-14
319,4.0194366942304644e-14
320,1.6077746776921858e-13
321,8.038873388460929e-14
322,1.1718571004216928e-13
323,4.0194366942304644e-14
324,1.530555893832145e-13
325,6.355287432313019e-14
326,4.0194366942304644e-14
327,1.6077746776921858e-13
328,4.0194366942304644e-14
329,4.0194366942304644e-14
330,4.0194366942304644e-14
331,4.0194366942304644e-14
332,6.355287432313019e-14
333,1.6077746776921858e-13
334,2.813605685961325e-13
335,1.530555893832145e-13
336,4.0194366942304644e-14
337,1.1718571004216928e-13
338,2.2914314707516465e-13
339,4.0194366942304644e-14
340,1.530555893832145e-13
341,1.1718571004216928e-13
342,6.355287432313019e-14
343,8.038873388460929e-14
344,4.0194366942304644e-14
345,2.2914314707516465e-13
346,6.355287432313019e-14
347,4.0194366942304644e-14
348,1.6077746776921858e-13
349,8.038873388460929e-14
350,1.6077746776921858e-13
351,6.355287432313019e-14
352,1.530555893832145e-13
353,8.038873388460929e-14
354,1.530555893832145e-13
355,4.0194366942304644e-14
356,4.0194366942304644e-14
357,1.1718571004216928e-13
358,8.038873388460929e-14
359,4.0194366942304644e-14
360,4.0194366942304644e-14
361,8.038873388460929e-14
362,8.038873388460929e-14
363,8.038873388460929e-14
364,4.0194366942304644e-14
365,2.2914314707516465e-13
366,4.0194366942304644e-14
367,2.481819080425819e-13
368,8.038873388460929e-14
369,1.1718571004216928e-13
370,1.6077746776921858e-13
371,2.957087310546287e-13
372,4.0194366942304644e-14
373,1.1718571004216928e-13
374,6.355287432313019e-14
375,4.0194366942304644e-14
376,1.530555893832145e-13
377,6.355287432313019e-14
378,4.0194366942304644e-14
379,4.0194366942304644e-14
380,2.2914314707516465e-13
381,1.530555893832145e-13
382,4.0194366942304644e-14
383,8.038873388460929e-14
384,4.0194366942304644e-14
385,2.2914314707516465e-13
386,8.038873388460929e-14
387,4.0194366942304644e-14
388,1.530555893832145e-13
389,1.1718571004216928e-13
390,1.6077746776921858e-13
391,6.355287432313019e-14
392,6.355287432313019e-14
393,8.038873388460929e-14
394,1.530555893832145e-13
395,1.530555893832145e-13
396,6.355287432313019e-14
397,2.2914314707516465e-13
398,6.355287432313019e-14
399,1.6077746776921858e-13
400,4.0194366942304644e-14
401,1.6077746776921858e-13
402,8.038873388460929e-14
403,8.038873388460929e-14
404,6.355287432313019e-14
405,6.355287432313019e-14
406,2.2914314707516465e-13
407,1.530555893832145e-13
408,8.038873388460929e-14
409,4.0194366942304644e-14
410,1.1718571004216928e-13
411,6.355287432313019e-14
412,1.1718571004216928e-13
413,4.0194366942304644e-14
414,8.038873388460929e-14
415,6.355287432313019e-14
416,1.530555893832145e-13
417,8.038873388460929e-14
418,8.038873388460929e-14
419,4.0194366942304644e-14
420,1.6077746776921858e-13
421,4.0194366942304644e-14
422,2.2914314707516465e-13
423,1.530555893832145e-13
424,1.530555893832145e-13
425,1.1718571004216928e-13
426,2.2914314707516465e-13
427,4.0194366942304644e-14
428,4.0194366942304644e-14
429,1.1718571004216928e-13
430,4.0194366942304644e-14
431,1.1718571004216928e-13
432,8.038873388460929e-14
433,1.530555893832145e-13
434,1.2710574864626038e-13
435,6.355287432313019e-14
436,1.530555893832145e-13
437,1.530555893832145e-13
438,1.1718571004216928e-13
439,6.355287432313019e-14
440,4.0194366942304644e-14
441,1.6077746776921858e-13
442,4.0194366942304644e-14
443,1.530555893832145e-13
444,4.0194366942304644e-14
445,4.0194366942304644e-14
446,6.355287432313019e-14
447,8.038873388460929e-14
448,4.0194366942304644e-14
449,8.038873388460929e-14
450,6.355287432313019e-14
451,2.481819080425819e-13
452,6.355287432313019e-14
453,1.2710574864626038e-13
454,1.6077746776921858e-13
455,8.038873388460929e-14
456,1.1718571004216928e-13
457,4.0194366942304644e-14
458,1.6077746776921858e-13
459,6.355287432313019e-14
460,6.355287432313019e-14
461,1.449228509952941e-13
462,4.0194366942304644e-14
463,1.530555893832145e-13
464,1.1718571004216928e-13
465,2.481819080425819e-13
466,4.0194366942304644e-14
467,8.038873388460929e-14
468,6.355287432313019e-14
469,1.6077746776921858e-13
470,8.038873388460929e-14
471,1.6077746776921858e-13
472,6.355287432313019e-14
473,1.6077746776921858e-13
474,8.038873388460929e-14
475,1.530555893832145e-13
476,1.1718571004216928e-13
477,4.0194366942304644e-14
478,1.6077746776921858e-13
479,8.038873388460929e-14
480,1.1718571004216928e-13
481,1.530555893832145e-13
482,1.530555893832145e-13
483,6.355287432313019e-14
484,1.1718571004216928e-13
485,8.038873388460929e-14
486,8.038873388460929e-14
487,1.1718571004216928e-13
488,1.1718571004216928e-13
489,1.1718571004216928e-13
490,6.355287432313019e-14
491,2.481819080425819e-13
492,1.2710574864626038e-13
493,6.355287432313019e-14
494,4.0194366942304644e-14
495,6.355287432313019e-14
496,4.0194366942304644e-14
497,6.355287432313019e-14
498,1.1718571004216928e-13
499,8.038873388460929e-14
0,2.2914314707516465e-13
1,2.2914314707516465e-13
2,1.4210854715202004e-14
3,3.074277920629802e-13
4,9.099386826154683e-14
5,5.859285502108464e-14
6,9.099386826154683e-14
7,1.1457157353758233e-13
8,1.5106345774618504e-13
9,5.859285502108464e-14
10,5.859285502108464e-14
11,5.859285502108464e-14
12,2.0495186137532011e-13
13,1.4210854715202004e-14
14,2.0691316789454157e-13
15,5.859285502108464e-14
16,2.0495186137532011e-13
17,7.105427357601002e-14
18,1.3406493525361332e-13
19,7.105427357601002e-14
20,7.105427357601002e-14
21,5.859285502108464e-14
22,9.099386826154683e-14
23,1.4210854715202004e-14
24,7.105427357601002e-14
25,7.105427357601002e-14
26,2.6203521364587025e-13
27,7.105427357601002e-14
28,1.5106345774618504e-13
29,1.797546735911271e-13
30,1.1457157353758233e-13
31,5.859285502108464e-14
32,1.3406493525361332e-13
33,1.1457157353758233e-13
34,9.099386826154683e-14
35,9.099386826154683e-14
36,1.1457157353758233e-13
37,1.4210854715202004e-14
38,9.099386826154683e-14
39,2.0495186137532011e-13
40,5.859285502108464e-14
41,1.797546735911271e-13
42,1.3406493525361332e-13
43,1.5106345774618504e-13
44,9.099386826154683e-14
45,1.797546735911271e-13
46,1.797546735911271e-13
47,1.3406493525361332e-13
48,1.4210854715202004e-14
49,1.797546735911271e-13
50,1.797546735911271e-13
51,5.859285502108464e-14
52,2.0495186137532011e-13
53,1.797546735911271e-13
54,5.859285502108464e-14
55,2.0495186137532011e-13
56,1.4210854715202004e-14
57,1.1457157353758233e-13
58,5.859285502108464e-14
59,1.7053025658242404e-13
60,1.4210854715202004e-14
61,5.859285502108464e-14
62,5.859285502108464e-14
63,9.099386826154683e-14
64,1.5106345774618504e-13
65,1.1457157353758233e-13
66,9.099386826154683e-14
67,1.5106345774618504e-13
68,9.947598300641403e-14
69,1.4210854715202004e-14
70,5.859285502108464e-14
71,7.105427357601002e-14
72,5.859285502108464e-14
73,7.105427357601002e-14
74,1.4210854715202004e-14
75,2.2914314707516465e-13
76,1.4210854715202004e-14
77,2.0691316789454157e-13
78,2.0495186137532011e-13
79,1.1457157353758233e-13
80,1.4210854715202004e-14
81,5.859285502108464e-14
82,5.859285502108464e-14
83,7.105427357601002e-14
84,1.1457157353758233e-13
85,2.2914314707516465e-13
86,2.0495186137532011e-13
87,1.5106345774618504e-13
88,9.947598300641403e-14
89,1.1457157353758233e-13
90,1.4210854715202004e-14
91,1.3406493525361332e-13
92,2.799213746640164e-13
93,2.0495186137532011e-13
94,5.859285502108464e-14
95,5.859285502108464e-14
96,5.859285502108464e-14
97,1.1457157353758233e-13
98,1.3406493525361332e-13
99,2.0691316789454157e-13
100,1.7053025658242404e-13
101,5.859285502108464e-14
102,5.859285502108464e-14
103,9.099386826154683e-14
104,1.4210854715202004e-14
105,5.859285502108464e-14
106,9.099386826154683e-14
107,7.105427357601002e-14
108,5.859285502108464e-14
109,1.3406493525361332e-13
110,1.797546735911271e-13
111,5.859285502108464e-14
112,1.5106345774618504e-13
113,1.797546735911271e-13
114,9.099386826154683e-14
115,9.947598300641403e-14
116,5.859285502108464e-14
117,5.859285502108464e-14
118,2.0495186137532011e-13
119,1.4210854715202004e-14
120,2.0691316789454157e-13
121,5.859285502108464e-14
122,5.859285502108464e-14
123,1.5106345774618504e-13
124,5.859285502108464e-14
125,1.4210854715202004e-14
126,9.099386826154683e-14
127,1.5106345774618504e-13
128,5.859285502108464e-14
129,5.859285502108464e-14
130,1.7053025658242404e-13
131,2.0495186137532011e-13
132,1.5106345774618504e-13
133,1.1457157353758233e-13
134,2.0691316789454157e-13
135,1.4210854715202004e-14
136,1.9742350317315248e-13
137,5.859285502108464e-14
138,5.859285502108464e-14
139,1.3406493525361332e-13
140,7.105427357601002e-14
141,5.859285502108464e-14
142,2.0495186137532011e-13
143,5.859285502108464e-14
144,1.4210854715202004e-14
145,5.859285502108464e-14
146,5.859285502108464e-14
147,1.1457157353758233e-13
148,1.5106345774618504e-13
149,1.5106345774618504e-13
150,5.859285502108464e-14
151,5.859285502108464e-14
152,3.314512409159136e-13
153,5.859285502108464e-14
154,9.099386826154683e-14
155,1.5106345774618504e-13
156,1.1457157353758233e-13
157,1.4210854715202004e-14
158,1.5106345774618504e-13
159,5.859285502108464e-14
160,1.5106345774618504e-13
161,5.859285502108464e-14
162,1.797546735911271e-13
163,1.4210854715202004e-14
164,1.4210854715202004e-14
165,9.099386826154683e-14
166,1.9895196601282805e-13
167,1.5106345774618504e-13
168,5.859285502108464e-14
169,1.1457157353758233e-13
170,2.0495186137532011e-13
171,2.6203521364587025e-13
172,2.0495186137532011e-13
173,7.105427357601002e-14
174,1.4210854715202004e-14
175,2.0691316789454157e-13
176,1.4210854715202004e-14
177,5.859285502108464e-14
178,2.2914314707516465e-13
179,1.5106345774618504e-13
180,1.1457157353758233e-13
181,1.1457157353758233e-13
182,1.1457157353758233e-13
183,7.105427357601002e-14
184,2.0495186137532011e-13
185,5.859285502108464e-14
186,1.4210854715202004e-14
187,1.5106345774618504e-13
188,2.0691316789454157e-13
189,9.099386826154683e-14
190,2.799213746640164e-13
191,2.0495186137532011e-13
192,1.1457157353758233e-13
193,1.1457157353758233e-13
194,2.4116620165382783e-13
195,1.4210854715202004e-14
196,1.4210854715202004e-14
197,9.947598300641403e-14
198,1.4210854715202004e-14
199,1.4210854715202004e-14
200,1.4210854715202004e-14
201,5.859285502108464e-14
202,1.4210854715202004e-14
203,9.947598300641403e-14
204,1.1457157353758233e-13
205,1.3406493525361332e-13
206,1.1457157353758233e-13
207,9.099386826154683e-14
208,5.859285502108464e-14
209,2.2914314707516465e-13
210,5.859285502108464e-14
211,1.3406493525361332e-13
212,5.859285502108464e-14
213,1.1457157353758233e-13
214,1.3406493525361332e-13
215,1.5106345774618504e-13
216,1.5106345774618504e-13
217,2.2914314707516465e-13
218,7.105427357601002e-14
219,1.4210854715202004e-14
220,1.4210854715202004e-14
221,1.1457157353758233e-13
222,1.3406493525361332e-13
223,1.3406493525361332e-13
224,3.074277920629802e-13
225,2.2914314707516465e-13
226,1.4210854715202004e-14
227,1.1457157353758233e-13
228,1.4210854715202004e-14
229,1.3406493525361332e-13
230,1.4210854715202004e-14
231,5.859285502108464e-14
232,9.947598300641403e-14
233,1.4210854715202004e-14
234,1.3406493525361332e-13
235,1.797546735911271e-13
236,9.099386826154683e-14
237,1.8474111129762605e-13
238,1.5106345774618504e-13
239,2.0495186137532011e-13
240,2.799213746640164e-13
241,1.797546735911271e-13
242,1.1457157353758233e-13
243,2.2914314707516465e-13
244,1.4210854715202004e-14
245,1.4210854715202004e-14
246,9.099386826154683e-14
247,1.1457157353758233e-13
248,1.3406493525361332e-13
249,7.105427357601002e-14
250,9.947598300641403e-14
251,5.859285502108464e-14
252,7.105427357601002e-14
253,2.2914314707516465e-13
254,9.947598300641403e-14
255,5.859285502108464e-14
256,1.1457157353758233e-13
257,9.947598300641403e-14
258,3.595093471822542e-13
259,5.859285502108464e-14
260,1.4210854715202004e-14
261,1.1457157353758233e-13
262,1.4210854715202004e-14
263,9.099386826154683e-14
264,1.3406493525361332e-13
265,1.1457157353758233e-13
266,5.859285502108464e-14
267,5.859285502108464e-14
268,7.105427357601002e-14
269,1.3406493525361332e-13
270,9.099386826154683e-14
271,2.0495186137532011e-13
272,1.8474111129762605e-13
273,7.105427357601002e-14
274,5.859285502108464e-14
275,9.099386826154683e-14
276,1.4210854715202004e-14
277,1.1457157353758233e-13
278,2.0495186137532011e-13
279,2.0495186137532011e-13
280,5.859285502108464e-14
281,1.797546735911271e-13
282,9.099386826154683e-14
283,5.859285502108464e-14
284,1.4210854715202004e-14
285,2.0495186137532011e-13
286,2.799213746640164e-13
287,5.859285502108464e-14
288,1.1457157353758233e-13
289,1.9742350317315248e-13
290,9.099386826154683e-14
291,1.797546735911271e-13
292,1.3406493525361332e-13
293,2.0495186137532011e-13
294,5.859285502108464e-14
295,1.3406493525361332e-13
296,1.797546735911271e-13
297,5.859285502108464e-14
298,1.4210854715202004e-14
299,1.797546735911271e-13
300,1.797546735911271e-13
301,9.099386826154683e-14
302,9.099386826154683e-14
303,1.5106345774618504e-13
304,5.859285502108464e-14
305,2.2914314707516465e-13
306,5.859285502108464e-14
307,1.4210854715202004e-14
308,5.859285502108464e-14
309,1.8474111129762605e-13
310,1.1457157353758233e-13
311,9.947598300641403e-14
312,5.859285502108464e-14
313,1.5106345774618504e-13
314,1.1457157353758233e-13
315,2.2914314707516465e-13
316,1.1457157353758233e-13
317,9.947598300641403e-14
318,1.1457157353758233e-13
319,1.4210854715202004e-14
320,1.4210854715202004e-14
321,1.3406493525361332e-13
322,1.1457157353758233e-13
323,9.099386826154683e-14
324,5.859285502108464e-14
325,1.4210854715202004e-14
326,1.1457157353758233e-13
327,1.4210854715202004e-14
328,2.0691316789454157e-13
329,1.4210854715202004e-14
330,5.859285502108464e-14
331,2.2914314707516465e-13
332,9.099386826154683e-14
333,2.6203521364587025e-13
334,5.859285502108464e-14
335,1.1457157353758233e-13
336,9.947598300641403e-14
337,9.099386826154683e-14
338,1.1457157353758233e-13
339,1.4210854715202004e-14
340,1.5106345774618504e-13
341,1.3406493525361332e-13
342,1.4210854715202004e-14
343,9.947598300641403e-14
344,5.859285502108464e-14
345,1.4210854715202004e-14
346,1.4210854715202004e-14
347,1.1457157353758233e-13
348,5.859285502108464e-14
349,2.0495186137532011e-13
350,1.5106345774618504e-13
351,1.797546735911271e-13
352,2.0495186137532011e-13
353,1.9742350317315248e-13
354,7.105427357601002e-14
355,1.4210854715202004e-14
356,1.5106345774618504e-13
357,5.859285502108464e-14
358,1.5106345774618504e-13
359,1.5106345774618504e-13
360,9.099386826154683e-14
361,3.4693117685644956e-13
362,5.859285502108464e-14
363,2.0495186137532011e-13
364,2.0691316789454157e-13
365,2.0691316789454157e-13
366,1.4210854715202004e-14
367,9.099386826154683e-14
368,1.1457157353758233e-13
369,1.5106345774618504e-13
370,7.105427357601002e-14
371,1.4210854715202004e-14
372,5.859285502108464e-14
373,2.2914314707516465e-13
374,1.797546735911271e-13
375,5.859285502108464e-14
376,5.859285502108464e-14
377,1.5106345774618504e-13
378,5.859285502108464e-14
379,1.4210854715202004e-14
380,1.3406493525361332e-13
381,1.1457157353758233e-13
382,1.1457157353758233e-13
383,1.4210854715202004e-14
384,1.5106345774618504e-13
385,1.5106345774618504e-13
386,1.797546735911271e-13
387,2.2914314707516465e-13
388,1.1457157353758233e-13
389,1.4210854715202004e-14
390,9.099386826154683e-14
391,1.1457157353758233e-13
392,1.4210854715202004e-14
393,2.0495186137532011e-13
394,1.3406493525361332e-13
395,9.099386826154683e-14
396,9.947598300641403e-14
397,2.0495186137532011e-13
398,1.3406493525361332e-13
399,5.859285502108464e-14
400,9.947598300641403e-14
401,1.797546735911271e-13
402,1.3406493525361332e-13
403,2.0495186137532011e-13
404,1.5106345774618504e-13
405,1.1457157353758233e-13
406,5.859285502108464e-14
407,2.2914314707516465e-13
408,5.859285502108464e-14
409,9.947598300641403e-14
410,1.1457157353758233e-13
411,7.105427357601002e-14
412,2.0495186137532011e-13
413,9.099386826154683e-14
414,2.0495186137532011e-13
415,5.859285502108464e-14
416,1.4210854715202004e-14
417,5.859285502108464e-14
418,5.859285502108464e-14
419,2.0495186137532011e-13
420,5.859285502108464e-14
421,1.1457157353758233e-13
422,2.2914314707516465e-13
423,2.0495186137532011e-13
424,2.0495186137532011e-13
425,1.4210854715202004e-14
426,1.1457157353758233e-13
427,1.1457157353758233e-13
428,5.859285502108464e-14
429,9.947598300641403e-14
430,1.5106345774618504e-13
431,9.947598300641403e-14
432,9.099386826154683e-14
433,7.105427357601002e-14
434,9.099386826154683e-14
435,1.1457157353758233e-13
436,5.859285502108464e-14
437,1.5106345774618504e-13
438,9.947598300641403e-14
439,1.4210854715202004e-14
440,1.1457157353758233e-13
441,2.0495186137532011e-13
442,1.797546735911271e-13
443,5.859285502108464e-14
444,1.5106345774618504e-13
445,5.859285502108464e-14
446,2.2914314707516465e-13
447,1.5106345774618504e-13
448,9.099386826154683e-14
449,1.1457157353758233e-13
450,1.1457157353758233e-13
451,2.4116620165382783e-13
452,1.5106345774618504e-13
453,1.797546735911271e-13
454,1.1457157353758233e-13
455,1.1457157353758233e-13
456,5.859285502108464e-14
457,5.859285502108464e-14
458,7.105427357601002e-14
459,1.3406493525361332e-13
460,1.3406493525361332e-13
461,5.859285502108464e-14
462,5.859285502108464e-14
463,9.099386826154683e-14
464,1.1457157353758233e-13
465,1.3406493525361332e-13
466,1.3406493525361332e-13
467,7.105427357601002e-14
468,1.4210854715202004e-14
469,1.3406493525361332e-13
470,5.859285502108464e-14
471,1.4210854715202004e-14
472,1.3406493525361332e-13
473,1.4210854715202004e-14
474,1.1457157353758233e-13
475,1.5106345774618504e-13
476,1.4210854715202004e-14
477,1.3406493525361332e-13
478,1.5106345774618504e-13
479,9.099386826154683e-14
480,5.859285502108464e-14
481,1.4210854715202004e-14
482,5.859285502108464e-14
483,1.1457157353758233e-13
484,2.0495186137532011e-13
485,5.859285502108464e-14
486,2.0495186137532011e-13
487,1.1457157353758233e-13
488,5.859285502108464e-14
489,5.859285502108464e-14
490,7.105427357601002e-14
491,1.5106345774618504e-13
492,5.859285502108464e-14
493,1.1457157353758233e-13
494,1.5106345774618504e-13
495,2.2914314707516465e-13
496,1.1457157353758233e-13
497,1.3406493525361332e-13
498,9.947598300641403e-14
499,5.859285502108464e-14
